{
    "05/31/23": 0.05162155,
    "06/01/23": 0.05047072,
    "06/02/23": 0.05104238,
    "06/03/23": 0.0504944,
    "06/04/23": 0.05047209,
    "06/05/23": 0.04904055,
    "06/06/23": 0.04967219,
    "06/07/23": 0.04856879,
    "06/08/23": 0.04880759,
    "06/09/23": 0.04853937,
    "06/10/23": 0.04562395,
    "06/11/23": 0.04432503,
    "06/12/23": 0.04531089,
    "06/13/23": 0.04681452,
    "06/14/23": 0.04545082,
    "06/15/23": 0.04292719,
    "06/16/23": 0.0444362,
    "06/17/23": 0.04574901,
    "06/18/23": 0.04525593,
    "06/19/23": 0.0449589,
    "06/20/23": 0.04895099,
    "06/21/23": 0.05042995,
    "06/22/23": 0.05023639,
    "06/23/23": 0.0520183,
    "06/24/23": 0.05120734,
    "06/25/23": 0.05173369,
    "06/26/23": 0.04960129,
    "06/27/23": 0.0505363,
    "06/28/23": 0.04758149,
    "06/29/23": 0.04833189,
    "06/30/23": 0.05040812,
    "07/01/23": 0.05073216,
    "07/02/23": 0.05004095,
    "07/03/23": 0.05013531,
    "07/04/23": 0.04849871,
    "07/05/23": 0.04724607,
    "07/06/23": 0.04628235,
    "07/07/23": 0.0471072,
    "07/08/23": 0.04715965,
    "07/09/23": 0.04713923,
    "07/10/23": 0.04755861,
    "07/11/23": 0.04834277,
    "07/12/23": 0.04834489,
    "07/13/23": 0.05233941,
    "07/14/23": 0.0510499,
    "07/15/23": 0.0520304,
    "07/16/23": 0.05080593,
    "07/17/23": 0.05189888,
    "07/18/23": 0.0525985,
    "07/19/23": 0.05631516,
    "07/20/23": 0.05720781,
    "07/21/23": 0.05550495,
    "07/22/23": 0.05341447,
    "07/23/23": 0.05343998,
    "07/24/23": 0.05205456,
    "07/25/23": 0.05228256,
    "07/26/23": 0.05247846,
    "07/27/23": 0.05182983,
    "07/28/23": 0.05264951,
    "07/29/23": 0.05386633,
    "07/30/23": 0.05294564,
    "07/31/23": 0.05235414,
    "08/01/23": 0.05173007,
    "08/02/23": 0.05260994,
    "08/03/23": 0.05332825,
    "08/04/23": 0.05328305,
    "08/05/23": 0.05251689,
    "08/06/23": 0.05738061,
    "08/07/23": 0.05637093,
    "08/08/23": 0.06175316,
    "08/09/23": 0.05978544,
    "08/10/23": 0.05764594,
    "08/11/23": 0.05656812,
    "08/12/23": 0.05621267,
    "08/13/23": 0.05705039,
    "08/14/23": 0.06564989,
    "08/15/23": 0.06797128,
    "08/16/23": 0.06311295,
    "08/17/23": 0.05762908,
    "08/18/23": 0.05905805,
    "08/19/23": 0.0651939,
    "08/20/23": 0.06134652,
    "08/21/23": 0.06114874,
    "08/22/23": 0.05889309,
    "08/23/23": 0.06184,
    "08/24/23": 0.05917389,
    "08/25/23": 0.05891059,
    "08/26/23": 0.05786601,
    "08/27/23": 0.05814443,
    "08/28/23": 0.05610395,
    "08/29/23": 0.05626868,
    "08/30/23": 0.0536102,
    "08/31/23": 0.05241528,
    "09/01/23": 0.04995068,
    "09/02/23": 0.04972304,
    "09/03/23": 0.04862703,
    "09/04/23": 0.04846917,
    "09/05/23": 0.0494136,
    "09/06/23": 0.04916121,
    "09/07/23": 0.0499331,
    "09/08/23": 0.04985877,
    "09/09/23": 0.0490028,
    "09/10/23": 0.04782025,
    "09/11/23": 0.04637702,
    "09/12/23": 0.04705856,
    "09/13/23": 0.0496932,
    "09/14/23": 0.0514938,
    "09/15/23": 0.05197851,
    "09/16/23": 0.05167454,
    "09/17/23": 0.04961705,
    "09/18/23": 0.05002313,
    "09/19/23": 0.05096454,
    "09/20/23": 0.05054885,
    "09/21/23": 0.05041305,
    "09/22/23": 0.05041419,
    "09/23/23": 0.05190557,
    "09/24/23": 0.04982952,
    "09/25/23": 0.05051017,
    "09/26/23": 0.0493893,
    "09/27/23": 0.04943725,
    "09/28/23": 0.04987121,
    "09/29/23": 0.04951857,
    "09/30/23": 0.049773,
    "10/01/23": 0.05076409,
    "10/02/23": 0.04999095,
    "10/03/23": 0.04934935,
    "10/04/23": 0.0488384,
    "10/05/23": 0.04808542,
    "10/06/23": 0.04850166,
    "10/07/23": 0.04827395,
    "10/08/23": 0.04806938,
    "10/09/23": 0.04650056,
    "10/10/23": 0.04692197,
    "10/11/23": 0.04660853,
    "10/12/23": 0.04555088,
    "10/13/23": 0.04661334,
    "10/14/23": 0.04681804,
    "10/15/23": 0.04676888,
    "10/16/23": 0.04750825,
    "10/17/23": 0.04675925,
    "10/18/23": 0.04743654,
    "10/19/23": 0.04582121,
    "10/20/23": 0.04743063,
    "10/21/23": 0.04900136,
    "10/22/23": 0.04998994,
    "10/23/23": 0.05170627,
    "10/24/23": 0.05136874,
    "10/25/23": 0.05201117,
    "10/26/23": 0.05295817,
    "10/27/23": 0.05097471,
    "10/28/23": 0.05191335,
    "10/29/23": 0.05248301,
    "10/30/23": 0.05375483,
    "10/31/23": 0.05250275,
    "11/01/23": 0.05362117,
    "11/02/23": 0.05545029,
    "11/03/23": 0.05478535,
    "11/04/23": 0.05567066,
    "11/05/23": 0.05593005,
    "11/06/23": 0.05864431,
    "11/07/23": 0.05754759,
    "11/08/23": 0.06063254,
    "11/09/23": 0.05979404,
    "11/10/23": 0.06294485,
    "11/11/23": 0.06196419,
    "11/12/23": 0.06232213,
    "11/13/23": 0.05920506,
    "11/14/23": 0.05856582,
    "11/15/23": 0.06184908,
    "11/16/23": 0.06076988,
    "11/17/23": 0.06363677,
    "11/18/23": 0.06161534,
    "11/19/23": 0.06258951,
    "11/20/23": 0.06597019,
    "11/21/23": 0.05873107,
    "11/22/23": 0.06246325,
    "11/23/23": 0.06146644,
    "11/24/23": 0.06231508,
    "11/25/23": 0.06353339,
    "11/26/23": 0.06289378,
    "11/27/23": 0.06159428,
    "11/28/23": 0.06098437,
    "11/29/23": 0.06000599,
    "11/30/23": 0.06012901,
    "12/01/23": 0.06075952,
    "12/02/23": 0.06236894,
    "12/03/23": 0.06219143,
    "12/04/23": 0.063912,
    "12/05/23": 0.06583177,
    "12/06/23": 0.06864484,
    "12/07/23": 0.06917908,
    "12/08/23": 0.0742447,
    "12/09/23": 0.07445358,
    "12/10/23": 0.07505737,
    "12/11/23": 0.07099806,
    "12/12/23": 0.07554501,
    "12/13/23": 0.07673505,
    "12/14/23": 0.08365984,
    "12/15/23": 0.07997489,
    "12/16/23": 0.07980843,
    "12/17/23": 0.07840715,
    "12/18/23": 0.07933225,
    "12/19/23": 0.08137609,
    "12/20/23": 0.08716337,
    "12/21/23": 0.0912219,
    "12/22/23": 0.09103635,
    "12/23/23": 0.09148782,
    "12/24/23": 0.09022768,
    "12/25/23": 0.09260022,
    "12/26/23": 0.08953176,
    "12/27/23": 0.09220696,
    "12/28/23": 0.08940011,
    "12/29/23": 0.08910037,
    "12/30/23": 0.08717482,
    "12/31/23": 0.08569781,
    "01/01/24": 0.09205687,
    "01/02/24": 0.09715155,
    "01/03/24": 0.08845176,
    "01/04/24": 0.08813177,
    "01/05/24": 0.08465322,
    "01/06/24": 0.07953201,
    "01/07/24": 0.07524193,
    "01/08/24": 0.08165806,
    "01/09/24": 0.07732195,
    "01/10/24": 0.08375156,
    "01/11/24": 0.08403444,
    "01/12/24": 0.08010103,
    "01/13/24": 0.08127833,
    "01/14/24": 0.07705494,
    "01/15/24": 0.07770759,
    "01/16/24": 0.08061122,
    "01/17/24": 0.07881101,
    "01/18/24": 0.0751878,
    "01/19/24": 0.07563068,
    "01/20/24": 0.07630519,
    "01/21/24": 0.07554143,
    "01/22/24": 0.07090755,
    "01/23/24": 0.07066088,
    "01/24/24": 0.07224723,
    "01/25/24": 0.07135865,
    "01/26/24": 0.0744292,
    "01/27/24": 0.07442827,
    "01/28/24": 0.07335237,
    "01/29/24": 0.07438047,
    "01/30/24": 0.07289309,
    "01/31/24": 0.06948534,
    "02/01/24": 0.07024034,
    "02/02/24": 0.06919198,
    "02/03/24": 0.06931665,
    "02/04/24": 0.06847007,
    "02/05/24": 0.06935609,
    "02/06/24": 0.07489591,
    "02/07/24": 0.07595266,
    "02/08/24": 0.0760697,
    "02/09/24": 0.07942319,
    "02/10/24": 0.07883298,
    "02/11/24": 0.07819118,
    "02/12/24": 0.07989922,
    "02/13/24": 0.08155512,
    "02/14/24": 0.08234598,
    "02/15/24": 0.08271448,
    "02/16/24": 0.08551878,
    "02/17/24": 0.08344418,
    "02/18/24": 0.08973992,
    "02/19/24": 0.11074113,
    "02/20/24": 0.10755034,
    "02/21/24": 0.10460506,
    "02/22/24": 0.1174958,
    "02/23/24": 0.10956367,
    "02/24/24": 0.10995046,
    "02/25/24": 0.10946256,
    "02/26/24": 0.11175576,
    "02/27/24": 0.1081731,
    "02/28/24": 0.11309608,
    "02/29/24": 0.11417598,
    "03/01/24": 0.11648402,
    "03/02/24": 0.11539659,
    "03/03/24": 0.1128824,
    "03/04/24": 0.11775171,
    "03/05/24": 0.11209644,
    "03/06/24": 0.12594127,
    "03/07/24": 0.13392654,
    "03/08/24": 0.1306113,
    "03/09/24": 0.13058597,
    "03/10/24": 0.12587696,
    "03/11/24": 0.13263198,