{
    "05/31/23": 0.51934724,
    "06/01/23": 0.50846026,
    "06/02/23": 0.52591302,
    "06/03/23": 0.51997231,
    "06/04/23": 0.53762374,
    "06/05/23": 0.51225573,
    "06/06/23": 0.53171413,
    "06/07/23": 0.52086161,
    "06/08/23": 0.52519896,
    "06/09/23": 0.5387163,
    "06/10/23": 0.51082311,
    "06/11/23": 0.52346569,
    "06/12/23": 0.52729159,
    "06/13/23": 0.52222317,
    "06/14/23": 0.48198537,
    "06/15/23": 0.48187012,
    "06/16/23": 0.4774304,
    "06/17/23": 0.48091802,
    "06/18/23": 0.48873704,
    "06/19/23": 0.49394067,
    "06/20/23": 0.49227332,
    "06/21/23": 0.50099735,
    "06/22/23": 0.49526568,
    "06/23/23": 0.49613328,
    "06/24/23": 0.48669686,
    "06/25/23": 0.4895723,
    "06/26/23": 0.47914999,
    "06/27/23": 0.4843696,
    "06/28/23": 0.46481823,
    "06/29/23": 0.47458823,
    "06/30/23": 0.47364791,
    "07/01/23": 0.47331624,
    "07/02/23": 0.4838261,
    "07/03/23": 0.48951641,
    "07/04/23": 0.48803429,
    "07/05/23": 0.47780553,
    "07/06/23": 0.46440878,
    "07/07/23": 0.46836384,
    "07/08/23": 0.47042702,
    "07/09/23": 0.46819214,
    "07/10/23": 0.47731725,
    "07/11/23": 0.4754633,
    "07/12/23": 0.4713759,
    "07/13/23": 0.81250938,
    "07/14/23": 0.71967939,
    "07/15/23": 0.71325559,
    "07/16/23": 0.74766711,
    "07/17/23": 0.73949622,
    "07/18/23": 0.78126309,
    "07/19/23": 0.8212367,
    "07/20/23": 0.79328363,
    "07/21/23": 0.77268086,
    "07/22/23": 0.73140159,
    "07/23/23": 0.73799108,
    "07/24/23": 0.70352539,
    "07/25/23": 0.71025278,
    "07/26/23": 0.71587749,
    "07/27/23": 0.71343578,
    "07/28/23": 0.71229659,
    "07/29/23": 0.71260716,
    "07/30/23": 0.70491109,
    "07/31/23": 0.69903028,
    "08/01/23": 0.70721551,
    "08/02/23": 0.68473973,
    "08/03/23": 0.66421043,
    "08/04/23": 0.63581005,
    "08/05/23": 0.62843023,
    "08/06/23": 0.62215323,
    "08/07/23": 0.62083796,
    "08/08/23": 0.6426242,
    "08/09/23": 0.64360521,
    "08/10/23": 0.63321384,
    "08/11/23": 0.63161758,
    "08/12/23": 0.62708073,
    "08/13/23": 0.6256892,
    "08/14/23": 0.6346809,
    "08/15/23": 0.60933038,
    "08/16/23": 0.58925288,
    "08/17/23": 0.50453644,
    "08/18/23": 0.50553913,
    "08/19/23": 0.51973357,
    "08/20/23": 0.5390316,
    "08/21/23": 0.52440551,
    "08/22/23": 0.52092355,
    "08/23/23": 0.52991938,
    "08/24/23": 0.51811361,
    "08/25/23": 0.52629621,
    "08/26/23": 0.52290851,
    "08/27/23": 0.52354658,
    "08/28/23": 0.52329978,
    "08/29/23": 0.54002454,
    "08/30/23": 0.52787826,
    "08/31/23": 0.51032259,
    "09/01/23": 0.49783738,
    "09/02/23": 0.49860446,
    "09/03/23": 0.50453555,
    "09/04/23": 0.50841704,
    "09/05/23": 0.50515593,
    "09/06/23": 0.50325273,
    "09/07/23": 0.50424304,
    "09/08/23": 0.50483755,
    "09/09/23": 0.50357739,
    "09/10/23": 0.49784669,
    "09/11/23": 0.47437611,
    "09/12/23": 0.48080618,
    "09/13/23": 0.48387663,
    "09/14/23": 0.48902997,
    "09/15/23": 0.50049279,
    "09/16/23": 0.49927485,
    "09/17/23": 0.49290158,
    "09/18/23": 0.5026839,
    "09/19/23": 0.51414362,
    "09/20/23": 0.52162769,
    "09/21/23": 0.5066859,
    "09/22/23": 0.512191,
    "09/23/23": 0.50741745,
    "09/24/23": 0.50216645,
    "09/25/23": 0.5053664,
    "09/26/23": 0.50166725,
    "09/27/23": 0.49922868,
    "09/28/23": 0.50950439,
    "09/29/23": 0.5212894,
    "09/30/23": 0.51542692,
    "10/01/23": 0.52418653,
    "10/02/23": 0.51327096,
    "10/03/23": 0.53764044,
    "10/04/23": 0.53299969,
    "10/05/23": 0.52355217,
    "10/06/23": 0.52605284,
    "10/07/23": 0.52186138,
    "10/08/23": 0.51795227,
    "10/09/23": 0.50287824,
    "10/10/23": 0.49726345,
    "10/11/23": 0.48867087,
    "10/12/23": 0.48296414,
    "10/13/23": 0.48546899,
    "10/14/23": 0.4866295,
    "10/15/23": 0.48767908,
    "10/16/23": 0.49851587,
    "10/17/23": 0.49171788,
    "10/18/23": 0.48798521,
    "10/19/23": 0.52008056,
    "10/20/23": 0.51675672,
    "10/21/23": 0.52081494,
    "10/22/23": 0.52289507,
    "10/23/23": 0.54577484,
    "10/24/23": 0.55824754,
    "10/25/23": 0.5547697,
    "10/26/23": 0.55383682,
    "10/27/23": 0.54594603,
    "10/28/23": 0.54511506,
    "10/29/23": 0.55646378,
    "10/30/23": 0.57865812,
    "10/31/23": 0.60044571,
    "11/01/23": 0.60938447,
    "11/02/23": 0.60656346,
    "11/03/23": 0.61285813,
    "11/04/23": 0.61608019,
    "11/05/23": 0.65918046,
    "11/06/23": 0.71550235,
    "11/07/23": 0.68562053,
    "11/08/23": 0.68822995,
    "11/09/23": 0.66776949,
    "11/10/23": 0.6595913,
    "11/11/23": 0.66297808,
    "11/12/23": 0.66140916,
    "11/13/23": 0.671033,
    "11/14/23": 0.62957976,
    "11/15/23": 0.64990177,
    "11/16/23": 0.61233774,
    "11/17/23": 0.61272564,
    "11/18/23": 0.61066018,
    "11/19/23": 0.62699071,
    "11/20/23": 0.61220658,
    "11/21/23": 0.58016051,
    "11/22/23": 0.61172394,
    "11/23/23": 0.62032336,
    "11/24/23": 0.62197949,
    "11/25/23": 0.62323744,
    "11/26/23": 0.61685071,
    "11/27/23": 0.60407984,
    "11/28/23": 0.61126613,
    "11/29/23": 0.60914511,
    "11/30/23": 0.60581891,
    "12/01/23": 0.61300104,
    "12/02/23": 0.62057778,
    "12/03/23": 0.62311806,
    "12/04/23": 0.62440868,
    "12/05/23": 0.62174791,
    "12/06/23": 0.64179402,
    "12/07/23": 0.64309682,
    "12/08/23": 0.67374155,
    "12/09/23": 0.65892225,
    "12/10/23": 0.66155977,
    "12/11/23": 0.6195589,
    "12/12/23": 0.61904313,
    "12/13/23": 0.6281203,
    "12/14/23": 0.63219845,
    "12/15/23": 0.61518858,
    "12/16/23": 0.61968831,
    "12/17/23": 0.61002859,
    "12/18/23": 0.61253334,
    "12/19/23": 0.60470034,
    "12/20/23": 0.61663261,
    "12/21/23": 0.6234355,
    "12/22/23": 0.62512769,
    "12/23/23": 0.61970954,
    "12/24/23": 0.61334753,
    "12/25/23": 0.6470876,
    "12/26/23": 0.62163484,
    "12/27/23": 0.63506092,
    "12/28/23": 0.63469751,
    "12/29/23": 0.62307279,
    "12/30/23": 0.62177217,
    "12/31/23": 0.61355606,
    "01/01/24": 0.62968304,
    "01/02/24": 0.62788579,
    "01/03/24": 0.58242436,
    "01/04/24": 0.58722624,
    "01/05/24": 0.57589839,
    "01/06/24": 0.56792166,
    "01/07/24": 0.55180397,
    "01/08/24": 0.577396,
    "01/09/24": 0.56641771,
    "01/10/24": 0.60034999,
    "01/11/24": 0.60148264,
    "01/12/24": 0.57169346,
    "01/13/24": 0.57478349,
    "01/14/24": 0.5757121,
    "01/15/24": 0.5762027,
    "01/16/24": 0.57583584,
    "01/17/24": 0.56790041,
    "01/18/24": 0.55165458,
    "01/19/24": 0.54398618,
    "01/20/24": 0.55271597,
    "01/21/24": 0.54679489,
    "01/22/24": 0.52544142,
    "01/23/24": 0.51756979,
    "01/24/24": 0.5183638,
    "01/25/24": 0.51378589,
    "01/26/24": 0.53211265,
    "01/27/24": 0.53001265,
    "01/28/24": 0.52405146,
    "01/29/24": 0.53528911,
    "01/30/24": 0.51091438,
    "01/31/24": 0.50279709,
    "02/01/24": 0.50595323,
    "02/02/24": 0.51006659,
    "02/03/24": 0.5190244,
    "02/04/24": 0.50331992,
    "02/05/24": 0.50607466,
    "02/06/24": 0.50510951,
    "02/07/24": 0.51339769,
    "02/08/24": 0.5140705,
    "02/09/24": 0.52568929,
    "02/10/24": 0.52381538,
    "02/11/24": 0.52587988,
    "02/12/24": 0.5321643,
    "02/13/24": 0.52505803,
    "02/14/24": 0.53816508,
    "02/15/24": 0.56267083,
    "02/16/24": 0.56512274,
    "02/17/24": 0.54995301,
    "02/18/24": 0.55699895,
    "02/19/24": 0.56236102,
    "02/20/24": 0.56329117,
    "02/21/24": 0.549481,
    "02/22/24": 0.54119041,
    "02/23/24": 0.53485612,
    "02/24/24": 0.54477891,
    "02/25/24": 0.5426079,
    "02/26/24": 0.5513003,
    "02/27/24": 0.58737537,
    "02/28/24": 0.57652922,
    "02/29/24": 0.58728672,
    "03/01/24": 0.60161779,
    "03/02/24": 0.64357515,
    "03/03/24": 0.62669949,
    "03/04/24": 0.65117783,
    "03/05/24": 0.59528327,
    "03/06/24": 0.61291595,
    "03/07/24": 0.62838018,
    "03/08/24": 0.62148244,
    "03/09/24": 0.62251423,
    "03/10/24": 0.60855605,
    "03/11/24": 0.71704925,
    "03/12/24": 0.68869321,