{
    "04/10/23": 7095.339999999998,
    "04/11/23": 7095.339999999998,
    "04/12/23": 7095.339999999998,
    "04/13/23": 7095.339999999998,
    "04/14/23": 7095.339999999998,
    "04/15/23": 7095.339999999998,
    "04/16/23": 7095.339999999998,
    "04/17/23": 7095.339999999998,
    "04/18/23": 7095.339999999998,
    "04/19/23": 8035.019999999999,
    "04/20/23": 8035.019999999999,
    "04/21/23": 8035.019999999999,
    "04/22/23": 8035.019999999999,
    "04/23/23": 8035.019999999999,
    "04/24/23": 8035.019999999999,
    "04/25/23": 8035.019999999999,
    "04/26/23": 8035.019999999999,
    "04/27/23": 8035.019999999999,
    "04/28/23": 8035.019999999999,
    "04/29/23": 8035.019999999999,
    "04/30/23": 8035.019999999999,
    "05/01/23": 8035.019999999999,
    "05/02/23": 8035.019999999999,
    "05/03/23": 8035.019999999999,
    "05/04/23": 8035.019999999999,
    "05/05/23": 8035.019999999999,
    "05/06/23": 8035.019999999999,
    "05/07/23": 8035.019999999999,
    "05/08/23": 8035.019999999999,
    "05/09/23": 8086.039999999998,
    "05/10/23": 8086.039999999998,
    "05/11/23": 8086.039999999998,
    "05/12/23": 8086.039999999998,
    "05/13/23": 8120.629999999998,
    "05/14/23": 8120.629999999998,
    "05/15/23": 8120.629999999998,
    "05/16/23": 8120.629999999998,
    "05/17/23": 8120.629999999998,
    "05/18/23": 8120.629999999998,
    "05/19/23": 8120.629999999998,
    "05/20/23": 8120.629999999998,
    "05/21/23": 8120.629999999998,
    "05/22/23": 8123.729999999998,
    "05/23/23": 8123.729999999998,
    "05/24/23": 8123.729999999998,
    "05/25/23": 8123.729999999998,
    "05/26/23": 8123.729999999998,
    "05/27/23": 8123.729999999998,
    "05/28/23": 8123.729999999998,
    "05/29/23": 8123.729999999998,
    "05/30/23": 8123.729999999998,
    "05/31/23": 8123.729999999998,
    "06/01/23": 8123.729999999998,
    "06/02/23": 8123.729999999998,
    "06/03/23": 8123.729999999998,
    "06/04/23": 9122.699999999997,
    "06/05/23": 9122.699999999997,
    "06/06/23": 9122.699999999997,
    "06/07/23": 9122.699999999997,
    "06/08/23": 9122.699999999997,
    "06/09/23": 9122.699999999997,
    "06/10/23": 9122.699999999997,
    "06/11/23": 9129.009999999998,
    "06/12/23": 9129.009999999998,
    "06/13/23": 9129.009999999998,
    "06/14/23": 9129.009999999998,
    "06/15/23": 9129.009999999998,
    "06/16/23": 9129.009999999998,
    "06/17/23": 9129.009999999998,
    "06/18/23": 9129.009999999998,
    "06/19/23": 9129.009999999998,
    "06/20/23": 9002.629999999997,
    "06/21/23": 9003.499999999998,
    "06/22/23": 9003.499999999998,
    "06/23/23": 9003.499999999998,
    "06/24/23": 9003.499999999998,
    "06/25/23": 9003.499999999998,
    "06/26/23": 9003.499999999998,
    "06/27/23": 9003.499999999998,
    "06/28/23": 9003.499999999998,
    "06/29/23": 9003.499999999998,
    "06/30/23": 9003.499999999998,
    "07/01/23": 9003.499999999998,
    "07/02/23": 9003.499999999998,
    "07/03/23": 9003.499999999998,
    "07/04/23": 9003.499999999998,
    "07/05/23": 9003.499999999998,
    "07/06/23": 9003.499999999998,
    "07/07/23": 9003.499999999998,
    "07/08/23": 9003.499999999998,
    "07/09/23": 9003.499999999998,
    "07/10/23": 9003.669999999998,
    "07/11/23": 9003.669999999998,
    "07/12/23": 9003.669999999998,
    "07/13/23": 9003.669999999998,
    "07/14/23": 8876.409999999998,
    "07/15/23": 8876.409999999998,
    "07/16/23": 8876.409999999998,
    "07/17/23": 8876.409999999998,
    "07/18/23": 8505.539999999999,
    "07/19/23": 8505.539999999999,
    "07/20/23": 8505.539999999999,
    "07/21/23": 8505.539999999999,
    "07/22/23": 8505.539999999999,
    "07/23/23": 8505.539999999999,
    "07/24/23": 8505.539999999999,
    "07/25/23": 9505.539999999999,
    "07/26/23": 9505.539999999999,
    "07/27/23": 9505.539999999999,
    "07/28/23": 9505.539999999999,
    "07/29/23": 9505.539999999999,
    "07/30/23": 9505.539999999999,
    "07/31/23": 9505.539999999999,
    "08/01/23": 9505.539999999999,
    "08/02/23": 9505.539999999999,
    "08/03/23": 9507.71,
    "08/04/23": 9505.539999999999,
    "08/05/23": 9505.539999999999,
    "08/06/23": 9505.539999999999,
    "08/07/23": 9505.539999999999,
    "08/08/23": 9505.539999999999,
    "08/09/23": 10082.939999999999,
    "08/10/23": 10082.939999999999,
    "08/11/23": 10082.939999999999,
    "08/12/23": 10082.939999999999,
    "08/13/23": 10082.939999999999,
    "08/14/23": 10082.939999999999,
    "08/15/23": 10082.939999999999,
    "08/16/23": 10082.939999999999,
    "08/17/23": 10082.939999999999,
    "08/18/23": 10082.939999999999,
    "08/19/23": 10082.939999999999,
    "08/20/23": 10082.939999999999,
    "08/21/23": 10082.939999999999,
    "08/22/23": 10082.939999999999,
    "08/23/23": 10082.939999999999,
    "08/24/23": 10082.939999999999,
    "08/25/23": 10082.939999999999,
    "08/26/23": 10082.939999999999,
    "08/27/23": 10082.939999999999,
    "08/28/23": 10082.939999999999,
    "08/29/23": 10082.939999999999,
    "08/30/23": 10082.939999999999,
    "08/31/23": 10082.939999999999,
    "09/01/23": 10082.939999999999,
    "09/02/23": 10082.939999999999,
    "09/03/23": 10082.939999999999,
    "09/04/23": 10082.939999999999,
    "09/05/23": 10082.939999999999,
    "09/06/23": 10082.939999999999,
    "09/07/23": 10082.939999999999,
    "09/08/23": 10082.939999999999,
    "09/09/23": 10082.939999999999,
    "09/10/23": 10082.939999999999,
    "09/11/23": 10082.939999999999,
    "09/12/23": 10082.939999999999,
    "09/13/23": 10082.939999999999,
    "09/14/23": 10082.939999999999,
    "09/15/23": 10082.939999999999,
    "09/16/23": 10082.939999999999,
    "09/17/23": 10082.939999999999,
    "09/18/23": 10082.939999999999,
    "09/19/23": 10082.939999999999,
    "09/20/23": 10082.939999999999,
    "09/21/23": 10082.939999999999,
    "09/22/23": 10082.939999999999,
    "09/23/23": 10082.939999999999,
    "09/24/23": 10082.939999999999,
    "09/25/23": 10082.939999999999,
    "09/26/23": 10082.939999999999,
    "09/27/23": 10082.939999999999,
    "09/28/23": 10082.939999999999,
    "09/29/23": 10082.939999999999,
    "09/30/23": 10082.939999999999,
    "10/01/23": 10082.939999999999,
    "10/02/23": 10082.939999999999,
    "10/03/23": 10082.939999999999,
    "10/04/23": 10082.939999999999,
    "10/05/23": 10082.939999999999,
    "10/06/23": 10082.939999999999,
    "10/07/23": 10082.939999999999,
    "10/08/23": 10082.939999999999,
    "10/09/23": 10082.939999999999,
    "10/10/23": 10082.939999999999,
    "10/11/23": 10082.939999999999,
    "10/12/23": 10082.939999999999,
    "10/13/23": 10082.939999999999,
    "10/14/23": 10082.939999999999,
    "10/15/23": 10082.939999999999,
    "10/16/23": 10082.939999999999,
    "10/17/23": 10082.939999999999,
    "10/18/23": 10082.939999999999,
    "10/19/23": 10082.939999999999,
    "10/20/23": 10082.939999999999,
    "10/21/23": 10096.57,
    "10/22/23": 10096.57,
    "10/23/23": 10096.57,
    "10/24/23": 10096.57,
    "10/25/23": 10096.57,
    "10/26/23": 10097.38,
    "10/27/23": 10097.38,
    "10/28/23": 10097.38,
    "10/29/23": 10097.38,
    "10/30/23": 10097.38,
    "10/31/23": 10097.38,
    "11/01/23": 10097.38,
    "11/02/23": 10097.38,
    "11/03/23": 10097.38,
    "11/04/23": 10097.38,
    "11/05/23": 10097.38,
    "11/06/23": 10097.38,
    "11/07/23": 10097.38,
    "11/08/23": 10097.38,
    "11/09/23": 10097.38,
    "11/10/23": 10097.38,
    "11/11/23": 10097.38,
    "11/12/23": 10097.38,
    "11/13/23": 10097.38,
    "11/14/23": 10100.849999999999,
    "11/15/23": 10100.849999999999,
    "11/16/23": 10100.849999999999,
    "11/17/23": 10100.849999999999,
    "11/18/23": 10101.52,
    "11/19/23": 10101.52,
    "11/20/23": 10101.52,
    "11/21/23": 10101.52,
    "11/22/23": 10101.52,
    "11/23/23": 10101.52,
    "11/24/23": 10101.52,
    "11/25/23": 10101.52,
    "11/26/23": 10101.52,
    "11/27/23": 10101.52,
    "11/28/23": 10101.52,
    "11/29/23": 10101.52,
    "11/30/23": 10101.52,
    "12/01/23": 10101.52,