{
    "04/10/23": 8244.173855677185,
    "04/11/23": 8197.727895335334,
    "04/12/23": 8151.537452203458,
    "04/13/23": 8460.602562699716,
    "04/14/23": 8686.429039498697,
    "04/15/23": 8725.89879851178,
    "04/16/23": 8787.807531629927,
    "04/17/23": 8558.918163726918,
    "04/18/23": 8749.915484044297,
    "04/19/23": 8888.341799487642,
    "04/20/23": 8755.445844954142,
    "04/21/23": 8350.619723337766,
    "04/22/23": 8593.028961232534,
    "04/23/23": 8474.79752214986,
    "04/24/23": 8396.593131879055,
    "04/25/23": 8559.08992168849,
    "04/26/23": 8479.0641642491,
    "04/27/23": 8639.484417747906,
    "04/28/23": 8629.927284015383,
    "04/29/23": 8641.999996905583,
    "04/30/23": 8680.603790477271,
    "05/01/23": 8370.3421099704,
    "05/02/23": 8423.140016912104,
    "05/03/23": 8472.110547626944,
    "05/04/23": 8370.212061400012,
    "05/05/23": 8628.14102464205,
    "05/06/23": 8354.989170746941,
    "05/07/23": 8303.518744838513,
    "05/08/23": 7990.438341863678,
    "05/09/23": 8008.184567153853,
    "05/10/23": 8046.770885973037,
    "05/11/23": 7784.835844099567,
    "05/12/23": 7921.514515879494,
    "05/13/23": 7856.277034984685,
    "05/14/23": 7895.001104964238,
    "05/15/23": 7961.366288775547,
    "05/16/23": 8018.310479003454,
    "05/17/23": 8108.621230179055,
    "05/18/23": 8076.411996943238,
    "05/19/23": 8132.557464456091,
    "05/20/23": 8151.03804821859,
    "05/21/23": 8035.554632519197,
    "05/22/23": 8088.385937448855,
    "05/23/23": 8163.802456131554,
    "05/24/23": 7950.226286561105,
    "05/25/23": 7928.245069724895,
    "05/26/23": 8105.4435968347725,
    "05/27/23": 8134.21704702317,
    "05/28/23": 8411.227677703635,
    "05/29/23": 8394.065923996566,
    "05/30/23": 8526.916785056645,
    "05/31/23": 8404.574568479959,
    "06/01/23": 8258.594466193026,
    "06/02/23": 8463.71752367785,
    "06/03/23": 8386.220040892023,
    "06/04/23": 9455.149095673154,
    "06/05/23": 8996.987639916319,
    "06/06/23": 9269.504641407724,
    "06/07/23": 8955.084232678262,
    "06/08/23": 9015.84197177703,
    "06/09/23": 8965.624950900192,
    "06/10/23": 8435.486228139118,
    "06/11/23": 8442.964235724896,
    "06/12/23": 8483.556558689243,
    "06/13/23": 8511.045999761922,
    "06/14/23": 8110.41908198777,
    "06/15/23": 8072.893361318271,
    "06/16/23": 8195.847220713116,
    "06/17/23": 8266.501777715479,
    "06/18/23": 8237.45464905821,
    "06/19/23": 8262.73299070482,
    "06/20/23": 8430.513429629267,
    "06/21/23": 8763.353102552643,
    "06/22/23": 8711.148485910286,
    "06/23/23": 8877.50228059211,
    "06/24/23": 8768.114222104869,
    "06/25/23": 8854.567378400288,
    "06/26/23": 8627.673137983556,
    "06/27/23": 8754.33671834187,
    "06/28/23": 8355.915094720247,
    "06/29/23": 8489.591365997261,
    "06/30/23": 8752.428689062692,
    "07/01/23": 8802.368838442728,
    "07/02/23": 8845.101124082394,
    "07/03/23": 8929.88993293558,
    "07/04/23": 8810.877270515944,
    "07/05/23": 8615.970025779672,
    "07/06/23": 8396.447093355922,
    "07/07/23": 8491.999427143914,
    "07/08/23": 8512.249852280245,
    "07/09/23": 8479.77181294793,
    "07/10/23": 8552.315503910355,
    "07/11/23": 8587.410550871513,
    "07/12/23": 8557.018132996003,
    "07/13/23": 10669.429924021784,
    "07/14/23": 10038.014631984708,
    "07/15/23": 10026.813439166961,
    "07/16/23": 10041.611691389202,
    "07/17/23": 10089.112366864643,
    "07/18/23": 10324.3967305051,
    "07/19/23": 10738.624374690153,
    "07/20/23": 10571.646766448395,
    "07/21/23": 10360.68464586095,
    "07/22/23": 9937.300940003528,
    "07/23/23": 10028.545581642973,
    "07/24/23": 9674.24270296893,
    "07/25/23": 10749.316451610794,
    "07/26/23": 10825.319228472214,
    "07/27/23": 10761.958862441983,
    "07/28/23": 10805.161648483152,
    "07/29/23": 10861.49669800383,
    "07/30/23": 10733.580951006154,
    "07/31/23": 10654.330248236009,
    "08/01/23": 10720.284995360313,
    "08/02/23": 10512.195814584706,
    "08/03/23": 10360.715268813687,
    "08/04/23": 10099.537967787213,
    "08/05/23": 10017.074614403995,
    "08/06/23": 10129.172114595181,
    "08/07/23": 10081.055483912427,
    "08/08/23": 10510.379849935023,
    "08/09/23": 10412.63593568634,
    "08/10/23": 10149.435611198638,
    "08/11/23": 10048.34144669896,
    "08/12/23": 9980.284595298956,
    "08/13/23": 10036.07217399173,
    "08/14/23": 10810.249587909911,
    "08/15/23": 10778.76834766845,
    "08/16/23": 10211.561992499803,
    "08/17/23": 9034.137380899738,
    "08/18/23": 9158.527247901913,
    "08/19/23": 9778.251438320096,
    "08/20/23": 9633.771639304487,
    "08/21/23": 9491.14158561145,
    "08/22/23": 9278.349399821109,
    "08/23/23": 9594.848259382037,
    "08/24/23": 9276.761917179967,
    "08/25/23": 9326.276429370055,
    "08/26/23": 9212.365732617603,
    "08/27/23": 9240.434223681965,
    "08/28/23": 9073.07136504167,
    "08/29/23": 9231.192961151108,
    "08/30/23": 8910.776729605823,
    "08/31/23": 8662.043246009558,
    "09/01/23": 8354.392259251215,
    "09/02/23": 8342.59972724853,
    "09/03/23": 8305.195315938709,
    "09/04/23": 8326.01395586912,
    "09/05/23": 8374.257739946785,
    "09/06/23": 8337.345046419809,
    "09/07/23": 8408.421173930225,
    "09/08/23": 8407.548904174886,
    "09/09/23": 8327.328426358114,
    "09/10/23": 8181.962855730686,
    "09/11/23": 7861.91852961236,
    "09/12/23": 7972.769482944443,
    "09/13/23": 8212.687749576,
    "09/14/23": 8403.101379924889,
    "09/15/23": 8541.581620214354,
    "09/16/23": 8506.424424939236,
    "09/17/23": 8284.648640588675,
    "09/18/23": 8402.214141959368,
    "09/19/23": 8577.648491923579,
    "09/20/23": 8608.776309944184,
    "09/21/23": 8468.43209299538,
    "09/22/23": 8516.180888644285,
    "09/23/23": 8595.620672818404,
    "09/24/23": 8382.057259902644,
    "09/25/23": 8464.873681282173,
    "09/26/23": 8342.089301337672,
    "09/27/23": 8324.861833107812,
    "09/28/23": 8448.956069673291,
    "09/29/23": 8522.421641800947,
    "09/30/23": 8492.273675454082,
    "10/01/23": 8648.356546264047,
    "10/02/23": 8491.25832678914,
    "10/03/23": 8650.266668018818,
    "10/04/23": 8568.718878489222,
    "10/05/23": 8425.961698136787,
    "10/06/23": 8481.314195861918,
    "10/07/23": 8426.590964856656,
    "10/08/23": 8376.185722449498,
    "10/09/23": 8118.658994066431,
    "10/10/23": 8104.176309965849,
    "10/11/23": 8004.411591531532,
    "10/12/23": 7869.367209514137,
    "10/13/23": 7977.083080575812,
    "10/14/23": 8003.704801455904,
    "10/15/23": 8008.810098518068,
    "10/16/23": 8162.491835367538,
    "10/17/23": 8042.993352749527,
    "10/18/23": 8065.52347725602,
    "10/19/23": 8212.565970417172,
    "10/20/23": 8314.113789038183,
    "10/21/23": 8491.009923159689,
    "10/22/23": 8589.360774360663,
    "10/23/23": 8926.915205775524,
    "10/24/23": 9007.457081740919,
    "10/25/23": 9029.56155442217,
    "10/26/23": 9099.280600545819,
    "10/27/23": 8869.741374374618,
    "10/28/23": 8938.847458410599,
    "10/29/23": 9083.39711084113,
    "10/30/23": 9378.911767478381,
    "10/31/23": 9465.74397912464,
    "11/01/23": 9634.038397752138,
    "11/02/23": 9758.30194055938,
    "11/03/23": 9758.742314842813,
    "11/04/23": 9858.599563732336,
    "11/05/23": 10252.794616110436,
    "11/06/23": 10960.996459533555,
    "11/07/23": 10613.166342016488,
    "11/08/23": 10886.523136665395,
    "11/09/23": 10641.241772928544,
    "11/10/23": 10826.566100976535,
    "11/11/23": 10776.169425909211,
    "11/12/23": 10791.683633547165,
    "11/13/23": 10621.616628675109,
    "11/14/23": 10214.069398393618,
    "11/15/23": 10657.063583724863,
    "11/16/23": 10244.094157626181,
    "11/17/23": 10480.654108978044,
    "11/18/23": 10299.019936289857,
    "11/19/23": 10519.64265596577,
    "11/20/23": 10666.69194580202,
    "11/21/23": 9800.343395996875,
    "11/22/23": 10377.209684921754,
    "11/23/23": 10370.558405331449,