{
    "04/03/24": 15759.392248216613,
    "04/02/24": 15629.601919889925,
    "04/01/24": 16481.89974656922,
    "03/31/24": 17154.08182026823,
    "03/30/24": 16886.572058015405,
    "03/29/24": 17219.75257691461,
    "03/28/24": 17131.70988932646,
    "03/27/24": 16783.755193622077,
    "03/26/24": 17563.69109565067,
    "03/25/24": 17382.079235482313,
    "03/24/24": 16733.43945808407,
    "03/23/24": 16303.265645128195,
    "03/22/24": 16148.52342423274,
    "03/21/24": 16837.89212868969,
    "03/20/24": 16590.067731159375,
    "03/19/24": 15445.78451100837,
    "03/18/24": 17146.761106282516,
    "03/17/24": 17090.91060212614,
    "03/16/24": 16397.226465870535,
    "03/15/24": 17598.813788014257,
    "03/14/24": 18568.776955358946,
    "03/13/24": 19258.751287666222,
    "03/12/24": 19292.682289251643,
    "03/11/24": 19614.297878030113,
    "03/10/24": 17731.984030289837,
    "03/09/24": 18287.187619948374,
    "03/08/24": 18276.58112716436,
    "03/07/24": 18631.48832735598,
    "03/06/24": 17790.716381947317,
    "03/05/24": 16445.59429242892,
    "03/04/24": 17592.649376821882,
    "03/03/24": 16895.22090231451,
    "03/02/24": 17307.27923006966,
    "03/01/24": 16880.967991282203,
    "02/29/24": 16516.897052187145,
    "02/28/24": 16296.84255056845,
    "02/27/24": 16028.59529316258,
    "02/26/24": 15877.866612049242,
    "02/25/24": 15584.219838663364,
    "02/24/24": 15650.599706698877,
    "02/23/24": 13562.870806000143,
    "02/22/24": 14264.348987911566,
    "02/21/24": 13285.264869997212,
    "02/20/24": 13644.928432224056,
    "02/19/24": 13896.967305614933,
    "02/18/24": 12138.505529053022,
    "02/17/24": 11564.253101919981,
    "02/16/24": 11864.702048440962,
    "02/15/24": 11614.87557887612,
    "02/14/24": 11372.679507154211,
    "02/13/24": 11194.699937089332,
    "02/12/24": 11121.233139474258,
    "02/11/24": 10927.542317356472,
    "02/10/24": 10961.98817508217,
    "02/09/24": 11026.320552705274,
    "02/08/24": 10652.340940775692,
    "02/07/24": 10636.976478157721,
    "02/06/24": 10479.064766038886,
    "02/05/24": 10035.035333092423,
    "02/04/24": 9938.966572367422,
    "02/03/24": 10143.922491954407,
    "02/02/24": 10056.218962837851,
    "02/01/24": 10106.059705248566,
    "01/31/24": 10017.191934089853,
    "01/30/24": 10365.244593197029,
    "01/29/24": 10692.071171387324,
    "01/28/24": 10511.045976071424,
    "01/27/24": 10650.271759729218,
    "01/26/24": 10668.527140032067,
    "01/25/24": 10259.805598033197,
    "01/24/24": 10371.803892974058,
    "01/23/24": 10235.745206292104,
    "01/22/24": 10323.996449860184,
    "01/21/24": 10886.263423093646,
    "01/20/24": 10999.723696833255,
    "01/19/24": 10869.227764786152,
    "01/18/24": 10899.537817201499,
    "01/17/24": 11335.255795127981,
    "01/16/24": 11550.573391148195,
    "01/15/24": 11317.264220281308,
    "01/14/24": 11259.855659747527,
    "01/13/24": 11595.786385633197,
    "01/12/24": 11473.145322139488,
    "01/11/24": 12051.376845777366,
    "01/10/24": 12018.525705069716,
    "01/09/24": 11201.097168460245,
    "01/08/24": 11649.2490284826,
    "01/07/24": 10905.16149491417,
    "01/06/24": 11394.065045573767,
    "01/05/24": 11880.179927518875,
    "01/04/24": 12261.525166351625,
    "01/03/24": 12245.996296031928,
    "01/02/24": 13348.07546870227,
    "01/01/24": 12948.737036956607,
    "12/31/23": 12291.246448900676,
    "12/30/23": 12482.658975516195,
    "12/29/23": 12650.730188813402,
    "12/28/23": 12775.78681803152,
    "12/27/23": 13007.523311903165,
    "12/26/23": 12673.391386489806,
    "12/25/23": 13143.629082493007,
    "12/24/23": 12658.3337511459,
    "12/23/23": 12816.044573355292,
    "12/22/23": 12826.18740115656,
    "12/21/23": 12823.507102412514,
    "12/20/23": 12434.229422901237,
    "12/19/23": 11859.828661370528,
    "12/18/23": 11761.276427290184,
    "12/17/23": 11664.28249605297,
    "12/16/23": 11861.981516187512,
    "12/15/23": 11836.57568853816,
    "12/14/23": 12283.82164464597,
    "12/13/23": 11684.805095707998,
    "12/12/23": 11509.334358589571,
    "12/11/23": 11143.673544067216,
    "12/10/23": 11837.745270514355,
    "12/09/23": 11765.7592699346,
    "12/08/23": 11877.049512812817,
    "12/07/23": 11199.408514596424,
    "12/06/23": 11141.287595344293,
    "12/05/23": 10738.917406181736,
    "12/04/23": 10605.753657149036,
    "12/03/23": 10454.588457734684,
    "12/02/23": 10447.031164482316,
    "12/01/23": 10250.482592617103,
    "11/30/23": 10137.003093176554,
    "11/29/23": 10155.780710215911,
    "11/28/23": 10253.74441426498,
    "11/27/23": 10241.147137892684,
    "11/26/23": 10457.432185197024,
    "11/25/23": 10564.762582805852,
    "11/24/23": 10454.756653624827,
    "11/23/23": 10371.37350110419,
    "11/22/23": 10378.025928140243,
    "11/21/23": 9801.119892947188,
    "11/20/23": 10667.494452331935,
    "11/19/23": 10520.441658903008,
    "11/18/23": 10299.80379702123,
    "11/17/23": 10481.436216976626,
    "11/16/23": 10244.87784008832,
    "11/15/23": 10657.878686507385,
    "11/14/23": 10214.858382857674,
    "11/13/23": 10622.431111426966,
    "11/12/23": 10792.493662459445,
    "11/11/23": 10776.98175683137,
    "11/10/23": 10827.38632869388,
    "11/09/23": 10642.077797700762,
    "11/08/23": 10887.284281922604,
    "11/07/23": 10613.926112449946,
    "11/06/23": 10961.759800294847,
    "11/05/23": 10253.556817257053,
    "11/04/23": 9859.348989873299,
    "11/03/23": 9759.484950770191,
    "11/02/23": 9759.034198361762,
    "11/01/23": 9634.785000059625,
    "10/31/23": 9466.478803524178,
    "10/30/23": 9379.647619778569,
    "10/29/23": 9084.128590660965,
    "10/28/23": 8939.571247359281,
    "10/27/23": 8870.463642627972,
    "10/26/23": 9100.01977556446,
    "10/25/23": 9030.286537600801,
    "10/24/23": 9008.177642050106,
    "10/23/23": 8927.630603599064,
    "10/22/23": 8590.032018120652,
    "10/21/23": 8491.668783104189,
    "10/20/23": 8314.761783462549,
    "10/19/23": 8213.200253437733,
    "10/18/23": 8066.155844897202,
    "10/17/23": 8043.627085444511,
    "10/16/23": 8163.139323419261,
    "10/15/23": 8009.441937769605,
    "10/14/23": 8004.337199112682,
    "10/13/23": 7977.7105324117,
    "10/12/23": 7869.988982207481,
    "10/11/23": 8005.043672748567,
    "10/10/23": 8104.810571173628,
    "10/09/23": 8119.296556476261,
    "10/08/23": 8376.845712101946,
    "10/07/23": 8427.252318422257,
    "10/06/23": 8481.97911163696,
    "10/05/23": 8426.614811175765,
    "10/04/23": 8569.384459495266,
    "10/03/23": 8650.934606446926,
    "10/02/23": 8491.930748696299,
    "10/01/23": 8649.053228370534,
    "09/30/23": 8492.947879419542,
    "09/29/23": 8523.095065656924,
    "09/28/23": 8449.622825317429,
    "09/27/23": 8325.509054689588,
    "09/26/23": 8342.735111049959,
    "09/25/23": 8465.51907317377,
    "09/24/23": 8382.699453233841,
    "09/23/23": 8596.268934824533,
    "09/22/23": 8516.829279261472,
    "09/21/23": 8469.076897237459,
    "09/20/23": 8609.436048259475,
    "09/19/23": 8578.315490443112,
    "09/18/23": 8402.877257821847,
    "09/17/23": 8285.306158289706,
    "09/16/23": 8507.087120575523,
    "09/15/23": 8542.247607074576,
    "09/14/23": 8403.761395155787,
    "09/13/23": 8213.339998216425,
    "09/12/23": 7973.417039922346,
    "09/11/23": 7862.55044171019,
    "09/10/23": 8182.618323739212,
    "09/09/23": 8327.994097900173,
    "09/08/23": 8408.215866150322,
    "09/07/23": 8409.091002547399,
    "09/06/23": 8338.01075280582,
    "09/05/23": 8374.924414286694,
    "09/04/23": 8326.678073811132,
    "09/03/23": 8305.860765405632,
    "09/02/23": 8343.266102556896,
    "09/01/23": 8355.057902372459,
    "08/31/23": 8662.71324222704,
    "08/30/23": 8911.470547821182,
    "08/29/23": 9231.895828629638,
    "08/28/23": 9073.743135428906,
    "08/27/23": 9241.1064046635,
    "08/26/23": 9213.033769070953,
    "08/25/23": 9326.947421417524,
    "08/24/23": 9277.434233104676,
    "08/23/23": 9595.529099778261,